{"learnedHosts":["svkrp13.local"],"patternUrls":[],"cookies":[],"webProfileUrls":[{"allowedMethods": [{"method": "GET","status": "decided"}],"locked": true,"parameters": [{"additionalAllowedChars": [],"maxLength": 3,"minLength": 3,"name": "PROJECTID","nullable": true,"prefix": false,"readOnly": false,"required": true,"type": "Numeric"}],"status": "InProtection","urlFullPath": "/contracts/showcontracts.php"}],"actionUrls":[],"susceptibleDirectories":[{"name":"/_vti_log","status":"InLearning"},{"name":"/_vti_bin","status":"InLearning"},{"name":"/admentor","status":"InLearning"},{"name":"/_private","status":"InLearning"},{"name":"/_vti_cnf","status":"InLearning"},{"name":"/etc","status":"InLearning"},{"name":"/c","status":"InLearning"},{"name":"/d","status":"InLearning"},{"name":"/e","status":"InLearning"},{"name":"/adminscripts","status":"InLearning"},{"name":"/_mem_bin","status":"InLearning"},{"name":"/debug","status":"InLearning"},{"name":"/cgi","status":"InLearning"},{"name":"/_vti_script","status":"InLearning"},{"name":"/_vti_pvt","status":"InLearning"},{"name":"/bin","status":"InLearning"},{"name":"/cgi-bin","status":"InLearning"},{"name":"/adsamples","status":"InLearning"},{"name":"/certsrv","status":"InLearning"},{"name":"/admcgi","status":"InLearning"},{"name":"/cgi-sys","status":"InLearning"},{"name":"/asp","status":"InLearning"},{"name":"/admisapi","status":"InLearning"},{"name":"/catalog","status":"InLearning"},{"name":"/cgi-local","status":"InLearning"}]}


{"learnedHosts":[],"patternUrls":[],"cookies":[],"webProfileUrls":[],"actionUrls":[],"susceptibleDirectories":[{"name":"/_vti_log","status":"InLearning"},{"name":"/_vti_bin","status":"InLearning"},{"name":"/admentor","status":"InLearning"},{"name":"/_private","status":"InLearning"},{"name":"/_vti_cnf","status":"InLearning"},{"name":"/etc","status":"InLearning"},{"name":"/c","status":"InLearning"},{"name":"/d","status":"InLearning"},{"name":"/e","status":"InLearning"},{"name":"/adminscripts","status":"InLearning"},{"name":"/_mem_bin","status":"InLearning"},{"name":"/debug","status":"InLearning"},{"name":"/cgi","status":"InLearning"},{"name":"/_vti_script","status":"InLearning"},{"name":"/_vti_pvt","status":"InLearning"},{"name":"/bin","status":"InLearning"},{"name":"/cgi-bin","status":"InLearning"},{"name":"/adsamples","status":"InLearning"},{"name":"/certsrv","status":"InLearning"},{"name":"/admcgi","status":"InLearning"},{"name":"/cgi-sys","status":"InLearning"},{"name":"/asp","status":"InLearning"},{"name":"/admisapi","status":"InLearning"},{"name":"/catalog","status":"InLearning"},{"name":"/cgi-local","status":"InLearning"}]}
