{"actionUrls": [{"decisionRules": [{"result": "Failed","type": "Pattern","value": "Invalid"}],"defaultDecision": "Succeeded","status": "InProtection","url": "/ajax/login.php","userField1": "username","userField2": "passsword"}],"cookies": [{"injection": false,"name": "super_veda_user_cookie","prefix": false,"status": "Protect"},{"injection": false,"name": "super_veda_admin_user","prefix": false,"status": "Ignore"}],"learnedHosts": ["svkrp13.local","192.168.12.102","192.168.12.205","192.168.12.100","sv13.local"],"patternUrls": [],"susceptibleDirectories": [{"name": "/_vti_log","status": "InProtection"},{"name": "/_vti_bin","status": "InProtection"},{"name": "/admentor","status": "InProtection"},{"name": "/_vti_cnf","status": "InProtection"},{"name": "/_private","status": "InProtection"},{"name": "/etc","status": "InProtection"},{"name": "/c","status": "InProtection"},{"name": "/d","status": "InProtection"},{"name": "/e","status": "InProtection"},{"name": "/adminscripts","status": "InProtection"},{"name": "/debug","status": "InProtection"},{"name": "/cgi","status": "InProtection"},{"name": "/_mem_bin","status": "InProtection"},{"name": "/_vti_script","status": "InProtection"},{"name": "/_vti_pvt","status": "InProtection"},{"name": "/bin","status": "InProtection"},{"name": "/cgi-bin","status": "InProtection"},{"name": "/adsamples","status": "InProtection"},{"name": "/certsrv","status": "InProtection"},{"name": "/admcgi","status": "InProtection"},{"name": "/cgi-sys","status": "InProtection"},{"name": "/asp","status": "InProtection"},{"name": "/admisapi","status": "InProtection"},{"name": "/catalog","status": "InProtection"},{"name": "/cgi-local","status": "InProtection"}],"webProfileUrls": [{"allowedMethods": [{"method": "GET","status": "decided"},{"method": "HEAD","status": "decided"}],"locked": false,"parameters": [],"status": "InLearning","urlFullPath": "/"},{"allowedMethods": [{"method": "GET","status": "decided"}],"locked": false,"parameters": [],"status": "InLearning","urlFullPath": "/js/jquery-ui/css/gritter/jquery.gritter.css"},{"allowedMethods": [{"method": "GET","status": "decided"}],"locked": false,"parameters": [],"status": "InLearning","urlFullPath": "/js/jquery-ui/plugins/jquery.formatcurrency-1.4.0.min.js"},{"allowedMethods": [{"method": "GET","status": "decided"}],"locked": false,"parameters": [],"status": "InLearning","urlFullPath": "/js/jquery-ui/plugins/jquery.validate.js"},{"allowedMethods": [{"method": "GET","status": "decided"}],"locked": false,"parameters": [],"status": "InLearning","urlFullPath": "/css/common.css"},{"allowedMethods": [{"method": "GET","status": "decided"}],"locked": false,"parameters": [],"status": "InLearning","urlFullPath": "/js/jquery-ui/plugins/jquery.gritter.js"},{"allowedMethods": [{"method": "GET","status": "decided"}],"locked": false,"parameters": [],"status": "InLearning","urlFullPath": "/images/arrow.gif"},{"allowedMethods": [{"method": "GET","status": "decided"}],"locked": false,"parameters": [],"status": "InLearning","urlFullPath": "/images/themes/energy/body_footer_bg.jpg"},{"allowedMethods": [{"method": "GET","status": "decided"}],"locked": false,"parameters": [],"status": "InLearning","urlFullPath": "/images/icons/icon_twitter_16x16.png"},{"allowedMethods": [{"method": "GET","status": "decided"}],"locked": false,"parameters": [],"status": "InLearning","urlFullPath": "/js/common.js"},{"allowedMethods": [{"method": "GET","status": "decided"}],"locked": false,"parameters": [],"status": "InLearning","urlFullPath": "/js/jquery-ui/css/custom-theme/jquery-ui-1.8.18.custom.css"},{"allowedMethods": [{"method": "GET","status": "decided"}],"locked": false,"parameters": [],"status": "InLearning","urlFullPath": "/images/icons/icon_delicious_16x16.png"},{"allowedMethods": [{"method": "GET","status": "decided"}],"locked": false,"parameters": [],"status": "InLearning","urlFullPath": "/images/icons/icon_digg_16x16.png"},{"allowedMethods": [{"method": "GET","status": "decided"}],"locked": false,"parameters": [],"status": "InLearning","urlFullPath": "/images/icons/icon_stumbleupon_16x16.png"},{"allowedMethods": [{"method": "GET","status": "decided"}],"locked": false,"parameters": [],"status": "InLearning","urlFullPath": "/js/jquery-ui/css/custom-theme/images/ui-bg_inset-hard_100_fcfdfd_1x100.png"},{"allowedMethods": [{"method": "GET","status": "decided"}],"locked": false,"parameters": [],"status": "InLearning","urlFullPath": "/images/icons/icon_facebook_16x16.png"},{"allowedMethods": [{"method": "GET","status": "decided"}],"locked": false,"parameters": [],"status": "InLearning","urlFullPath": "/images/themes/energy/nav_bg.jpg"},{"allowedMethods": [{"method": "GET","status": "decided"}],"locked": false,"parameters": [],"status": "InLearning","urlFullPath": "/images/themes/energy/body_footer_grad.png"},{"allowedMethods": [{"method": "GET","status": "decided"}],"locked": false,"parameters": [],"status": "InLearning","urlFullPath": "/images/themes/energy/body_bg.jpg"},{"allowedMethods": [{"method": "GET","status": "decided"}],"locked": false,"parameters": [],"status": "InLearning","urlFullPath": "/images/themes/energy/ui-widget-header.jpg"},{"allowedMethods": [{"method": "GET","status": "decided"}],"locked": false,"parameters": [],"status": "InLearning","urlFullPath": "/images/imperva-icon.ico"},{"allowedMethods": [{"method": "GET","status": "decided"}],"locked": false,"parameters": [],"status": "InLearning","urlFullPath": "/images/required.gif"},{"allowedMethods": [{"method": "GET","status": "decided"}],"locked": false,"parameters": [],"status": "InLearning","urlFullPath": "/contracts/"},{"allowedMethods": [{"method": "GET","status": "decided"}],"locked": false,"parameters": [],"status": "InLearning","urlFullPath": "/studentrecords/"},{"allowedMethods": [{"method": "GET","status": "decided"}],"locked": false,"parameters": [],"status": "InLearning","urlFullPath": "/js/jquery-ui/css/custom-theme/images/ui-icons_d8e7f3_256x240.png"},{"allowedMethods": [{"method": "GET","status": "decided"}],"locked": false,"parameters": [],"status": "InLearning","urlFullPath": "/js/jquery-ui/css/custom-theme/images/ui-bg_glass_45_161984_1x400.png"},{"allowedMethods": [{"method": "GET","status": "decided"}],"locked": false,"parameters": [],"status": "InLearning","urlFullPath": "/accounts/"},{"allowedMethods": [{"method": "GET","status": "decided"}],"locked": true,"parameters": [{"additionalAllowedChars": [],"maxLength": 3,"minLength": 3,"name": "PROJECTID","nullable": true,"prefix": false,"readOnly": false,"required": true,"type": "Numeric"}],"status": "InProtection","urlFullPath": "/contracts/showcontracts.php"},{"allowedMethods": [{"method": "GET","status": "decided"}],"locked": false,"parameters": [],"status": "InLearning","urlFullPath": "/js/jquery-ui/css/custom-theme/images/ui-bg_glass_75_79c9ec_1x400.png"},{"allowedMethods": [{"method": "GET","status": "decided"}],"locked": false,"parameters": [],"status": "InLearning","urlFullPath": "/js/jquery-ui/css/custom-theme/images/ui-bg_gloss-wave_50_ac392c_500x100.png"},{"allowedMethods": [{"method": "GET","status": "decided"}],"locked": false,"parameters": [],"status": "InLearning","urlFullPath": "/js/jquery-ui/css/custom-theme/images/ui-icons_0078ae_256x240.png"},{"allowedMethods": [{"method": "GET","status": "decided"}],"locked": false,"parameters": [],"status": "InLearning","urlFullPath": "/js/jquery-ui/css/custom-theme/images/ui-bg_gloss-wave_75_9b1c17_500x100.png"},{"allowedMethods": [{"method": "GET","status": "decided"}],"locked": false,"parameters": [],"status": "InLearning","urlFullPath": "/currency/"},{"allowedMethods": [{"method": "GET","status": "decided"}],"locked": false,"parameters": [],"status": "InLearning","urlFullPath": "/images/themes/energy/home.jpg"},{"allowedMethods": [{"method": "GET","status": "decided"}],"locked": false,"parameters": [],"status": "InLearning","urlFullPath": "/js/jquery-ui/js/jquery-1.7.1.min.js"},{"allowedMethods": [{"method": "GET","status": "decided"}],"locked": false,"parameters": [],"status": "InLearning","urlFullPath": "/images/icons/icon_technorati_16x16.png"},{"allowedMethods": [{"method": "GET","status": "decided"}],"locked": false,"parameters": [],"status": "InLearning","urlFullPath": "/images/themes/energy/header_bg.jpg"},{"allowedMethods": [{"method": "GET","status": "decided"}],"locked": false,"parameters": [],"status": "InLearning","urlFullPath": "/js/jquery-ui/js/jquery-ui-1.8.18.custom.min.js"},{"allowedMethods": [{"method": "GET","status": "decided"}],"locked": false,"parameters": [],"status": "InLearning","urlFullPath": "/images/themes/energy/header_logo.png"},{"allowedMethods": [{"method": "GET","status": "decided"}],"locked": false,"parameters": [],"status": "InLearning","urlFullPath": "/images/themes/finance/body_footer_bg.jpg"},{"allowedMethods": [{"method": "GET","status": "decided"}],"locked": false,"parameters": [],"status": "InLearning","urlFullPath": "/images/themes/finance/header_logo.png"},{"allowedMethods": [{"method": "GET","status": "decided"}],"locked": false,"parameters": [],"status": "InLearning","urlFullPath": "/images/themes/finance/nav_bg.jpg"},{"allowedMethods": [{"method": "GET","status": "decided"}],"locked": false,"parameters": [],"status": "InLearning","urlFullPath": "/images/themes/finance/body_footer_grad.png"},{"allowedMethods": [{"method": "GET","status": "decided"}],"locked": false,"parameters": [],"status": "InLearning","urlFullPath": "/images/themes/energy/header_admin.jpg"},{"allowedMethods": [{"method": "GET","status": "decided"}],"locked": false,"parameters": [],"status": "InLearning","urlFullPath": "/images/themes/retail/header_logo.png"},{"allowedMethods": [{"method": "GET","status": "decided"}],"locked": false,"parameters": [],"status": "InLearning","urlFullPath": "/images/themes/retail/nav_bg.jpg"},{"allowedMethods": [{"method": "GET","status": "decided"}],"locked": false,"parameters": [],"status": "InLearning","urlFullPath": "/images/themes/retail/ui-widget-header.jpg"},{"allowedMethods": [{"method": "GET","status": "decided"}],"locked": false,"parameters": [],"status": "InLearning","urlFullPath": "/images/themes/retail/body_footer_bg.jpg"},{"allowedMethods": [{"method": "GET","status": "decided"}],"locked": false,"parameters": [],"status": "InLearning","urlFullPath": "/js/jquery-ui/css/images/gritter-light.png"},{"allowedMethods": [{"method": "GET","status": "decided"}],"locked": false,"parameters": [],"status": "InLearning","urlFullPath": "/images/themes/retail/header_bg.jpg"},{"allowedMethods": [{"method": "GET","status": "decided"}],"locked": false,"parameters": [],"status": "InLearning","urlFullPath": "/js/jquery-ui/css/custom-theme/images/ui-icons_056b93_256x240.png"},{"allowedMethods": [{"method": "GET","status": "decided"}],"locked": false,"parameters": [],"status": "InLearning","urlFullPath": "/images/themes/finance/body_bg.jpg"},{"allowedMethods": [{"method": "GET","status": "decided"}],"locked": false,"parameters": [],"status": "InLearning","urlFullPath": "/images/themes/finance/ui-widget-header.jpg"},{"allowedMethods": [{"method": "GET","status": "decided"}],"locked": false,"parameters": [],"status": "InLearning","urlFullPath": "/logout/"},{"allowedMethods": [{"method": "POST","status": "decided"}],"contentTypes": ["URL"],"locked": true,"parameters": [{"additionalAllowedChars": [],"maxLength": 17,"minLength": 0,"name": "password","nullable": false,"prefix": false,"readOnly": false,"required": false,"type": "Latin"},{"additionalAllowedChars": [],"maxLength": 7,"minLength": 2,"name": "username","nullable": false,"prefix": false,"readOnly": false,"required": false,"type": "Latin"}],"status": "InProtection","urlFullPath": "/ajax/login.php"},{"allowedMethods": [{"method": "GET","status": "decided"}],"locked": false,"parameters": [],"status": "InLearning","urlFullPath": "/js/jquery-ui/css/images/ie-spacer.gif"},{"allowedMethods": [{"method": "GET","status": "decided"}],"locked": false,"parameters": [],"status": "InLearning","urlFullPath": "/images/loading.gif"},{"allowedMethods": [{"method": "GET","status": "decided"}],"locked": false,"parameters": [],"status": "InLearning","urlFullPath": "/js/jquery-ui/css/images/gritter.png"},{"allowedMethods": [{"method": "GET","status": "decided"}],"locked": false,"parameters": [],"status": "InLearning","urlFullPath": "/images/themes/finance/header_bg.jpg"}]}