-2263267226165821146, HIPAA - Password Policy related Tests - Oracle, Password Policy related Tests on Oracle, Oracle, 1
-2263269219030646490, HIPAA - Password Policy related Tests - MS-SQL, Password Policy related Tests on MS-SQL, MsSql, 1
-2263268737994309338, HIPAA - Password Policy related Tests - Sybase, Password Policy related Tests on Sybase, Sybase, 1
-2263261322186963370, FISMA - Password Policy related Tests - Oracle, Password Policy related Tests on Oracle (FISMA Identification and Authentication), Oracle, 1
-2263254244080859562, FISMA - Password Policy related Tests - Sybase, Password Policy related Tests on Sybase (FISMA Identification and Authentication), Sybase, 1
-2263252388654987690, FISMA - Password Policy related Tests - MS-SQL, Password Policy related Tests on MS-SQL (FISMA Identification and Authentication), MsSql, 1
-2263267226165820106, Default Assessment Policy for EBS, Oracle E-Business Suite Applications, Oracle, 1
-2263268684307216810, PCI-DSS Compliance - Oracle, PCI Standard for Oracle Databases, Oracle, 1
-2263264354980182442, PCI-DSS Compliance - MS-SQL, PCI Standard for MS-SQL Databases., MsSql, 1
-2263254184497625514, PCI-DSS Compliance - Sybase, PCI Standard for Sybase Databases., Sybase, 1
-2263252329071753642, PCI-DSS Compliance - DB2, PCI Standard for DB2 Databases., Db2, 1
-2263264408657836458, Password Strength Assessments for MS-SQL 2005 and Above, "Scan the database for logins with weak passwords.
Note: When assessing a database with many user accounts, a significant increase in database server usage may be experienced.", MsSql, 1
-2263262896829348266, Missing Security Patches for MS-SQL, Verify that the latest patch has been installed., MsSql, 1
-2263261316281383338, Missing Security Patches for Sybase, Verify that the latest patch has been installed., Sybase, 1
-2263252382749407658, Missing Security Patches for Informix, Verify that the latest patch has been installed., Informix, 1
-2263265781705193898, Missing Security Patches for MySQL, Verify that the latest patch has been installed., MySql, 1
-2263267224814205354, Missing Security Patches for Oracle, Verify that the latest patch has been installed., Oracle, 1
-2263268736642693546, CIS - Security Configuration Benchmark For Oracle Database Server 11g, "CIS Security Configuration Benchmark For Oracle Database Server 11g, Version 1.0.1, January 2009", Oracle, 1
-2263264407315659178, CIS - Security Configuration Benchmark For Oracle Database Server 9i-10g, "CIS Security Configuration Benchmark For Oracle Database Server 9i-10g, Version 1.0.1, January 2009", Oracle, 1
-2263265788952951210, CIS - Security Configuration Benchmark for Microsoft SQL Server 2000, "CIS Security Configuration Benchmark for Microsoft SQL Server 2000, Version 1.0.0, December 2005 Note: This policy includes tests that require a ""sysadmin"" role member user to run them.", MsSql, 1
-2263267232061962666, CIS - Security Configuration Benchmark for Microsoft SQL Server 2005, "CIS Security Configuration Benchmark for Microsoft SQL Server 2005, Version 1.2.0, January 2010

Note: This policy includes tests that require a ""sysadmin"" role member user to run them.", MsSql, 1
-2263269224926788010, CIS - Security Configuration Benchmark for Microsoft SQL Server 2008, "CIS Security Configuration Benchmark for Microsoft SQL Server 2008 Based on
CIS Security Configuration Benchmark for Microsoft SQL Server 2005, Version 1.2.0, January 2010

Note: This policy includes tests that require a ""sysadmin"" role member user to run them.", MsSql, 1
-2263268743890450858, "CIS - Security Configuration Benchmark for DB2 for Linux, Unix and Windows, Version 9.5 and 9.7", "CIS - Security Configuration Benchmark for DB2 for Linux, Unix and Windows, Version 1.2.0, December 31, 2011
DB2 Versions supported: 9.5 and 9.7", Db2, 1
-2263264414563416490, Missing Security Patches for DB2, Verify that the latest patch has been installed., Db2, 1
-2263264758160800170, "CIS - Security Configuration Benchmark for DB2 for Linux, Unix and Windows, Version 9.1", "CIS - Security Configuration Benchmark for DB2 for Linux, Unix and Windows, Version 1.2.0, December 31, 2011
DB2 Versions supported: 9.1", Db2, 1
-2263262902734928298, "CIS - Security Configuration Benchmark for DB2 for Linux, Unix and Windows, Version 10", "The policy is Based on CIS Security Configuration Benchmark for DB2 8,9 and 9.5 for Linux, Unix and Windows (Version 1.2.0, December 31,2011). Note: Even though CIS doesn't have a specific checklist for DB2 v10, this policy can be used to assess DB2 v10.", Db2, 1
-2263261328360978858, "DISA (STIG) - Database Checklist and Procedures for Oracle 10 (DISA Version 8, Release 1.9)", "DISA (STIG) - Database Security Checklist for Oracle 10, DISA Version 8, Release 1.9.", Oracle, 1
-2263254250254875050, "DISA (STIG) - Database Checklist and Procedures for Oracle 11 (DISA Version 8, Release 1.9)", "DISA (STIG) - Database Security Checklist for Oracle 11, DISA Version 8, Release 1.9.", Oracle, 1
-2263252394829003178, "DISA (STIG) - Database Checklist and Procedures for MS-SQL 2005 and Above (Disa Version 8, Release 1.7)", "DISA (STIG) - Database Security Checklist for MS-SQL, Version 8, Release 1.7. The policy contains few tests requires SYSADMIN privileges. For information regarding required privileges for tests, please consult the user guide", MsSql, 1
-2263265777678662058, CIS - Security Configuration Benchmark For Oracle Database Server 11-11gR2, "CIS Security Configuration Benchmark For Oracle Database Server 11-11gR2, Version 1.0.0, December 2012", Oracle, 1
-2263267226165820426, Default Assessment Policy for PeopleSoft, Default Assessment Policy for PeopleSoft, Oracle, 1
-2263264752264657322, User and Login Information for MS-SQL, User and Login Information for MS-SQL, MsSql, 1
-2263262896838785450, User and Login Information for Sybase, User and Login Information for Sybase, Sybase, 1
-2263261328370416042, DISA (STIG) - Database Checklist and Procedures for Oracle, "DISA (STIG) - Database Security Checklist for Oracle, Version 8, Release 1.3.", Oracle, 1
-2263267220797110698, "DISA (STIG) - Database Checklist and Procedures for MS-SQL 2005 and Above (Disa Version 8, Release 1.1)", "DISA (STIG) - Database Security Checklist for MS-SQL, Version 8, Release 1.1.", MsSql, 1
-2263254227178863018, DISA (STIG) - Database Checklist and Procedures for DB2 Version 9 and Above, "DISA (STIG) - Database Security Checklist Version 7, Release 2.2 for DB2 v.9. Note: Even though CIS doesn't have a specific checklist for DB2 v10, this policy can be used to assess DB2 v10.", Db2, 1
-2263261297500338602, Oracle Known Vulnerabilities, Oracle Known Vulnerabilities, Oracle, 1
-2263252363968362922, DISA (STIG) - Database Checklist and Procedures for MS-SQL 2000, "DISA (STIG) - Database Security Checklist for MS-SQL, Version 7, Release 2.2.", MsSql, 1
-2263265766145374634, MsSql Known Vulnerabilities, MsSql Known Vulnerabilities, MsSql, 1
-2263268687260006826, DISA (STIG) - Database Checklist and Procedures for Sybase, "DISA (STIG) - Generic Database Security Checklist - Implementation for Sybase, Version 8, Release 1.1.", Sybase, 1
-2263264357932972458, DB2 Known Vulnerabilities, DB2 known vulnerabilities, Db2, 1
-2263262846104484266, CIS - Security Configuration Benchmark For MySQL 5.1, CIS - Security Configuration Benchmark for MySQL 5.1 Community Editions Version 1.0.2., MySql, 1
-2263261265556519338, CIS - Security Configuration Benchmark For MySQL 5.0, CIS - Security Configuration Benchmark for MySQL 5.0 Community Editions Version 1.0.2., MySql, 1
-2263254187450415530, MySQL Known Vulnerabilities, MySQL Known Vulnerabilities, MySql, 1
-2263252332024543658, DISA (STIG) - Database Checklist and Procedures for Informix, "DISA (STIG) - Generic Database Security Checklist - Implementation for Informix.
This policy contains database specific tests for sysmaster as well as tests for all databases that has the same logging mode as sysmaster. Use this policy when the direct access information being used specifies the sysmaster database.", Informix, 1
-2263265783047371178, DISA (STIG) - Database Checklist and Procedures for Informix (single database mode), "DISA (STIG) - Generic Database Security Checklist - Implementation for Informix.
This policy contains database specific tests for databases that has a different logging mode than sysmaster. Use this policy when the direct access information specified is not for a sysmaster database.", Informix, 1
-2263267226156382634, Sybase Known Vulnerabilities, Sybase Known Vulnerabilities, Sybase, 1
-2263269219021207978, Informix Known Vulnerabilities, Informix known vulnerabilities., Informix, 1
-2263268737984870826, DISA (STIG) - Database Checklist and Procedures for DB2 on z/OS, Database Checklist and Procedures for DB2 on z/OS, Db2, 1
8177721261839835836, TD Custom Assessment Policy, , Teradata, 0
-2263267226165821290, Default Assessment Policy for SAP, Default Assessment Policy for SAP, Oracle, 1